individual_id,ibs_remain,auprc
0,0.058875608775269456,0.6371847759144305
1,0.002201386263106791,0.6507630627401161
2,0.00209956836903596,0.5133482559395435
3,0.003972829898869873,0.753531337914213
4,0.0476078865404472,0.6511199238693078
5,0.00016432287571895422,0.9651794026318435
6,0.01926878623686106,0.7420849902612988
7,0.020749124323399308,0.8485216886028679
8,0.0005067775834419261,0.7777090331300984
9,0.0056968514095086485,0.7542783728555738
10,0.02410508105759964,0.7078945951962182
11,0.016905549675970893,0.7345716472413394
12,0.0004079625726857023,0.9261495477917023
13,0.006496652516741358,0.8560825374395614
14,0.0001244477136746096,0.7454208349833381
15,0.0002588258333771382,0.957296728638624
16,0.07862048125674037,0.7034454359484028
17,0.015586140166377944,0.7497846566800909
18,0.0012833308894863507,0.8070461366797834
19,0.05300702837448619,0.7102737699722697
20,0.037884158160904104,0.6716007315918608
21,0.0006291643612025578,0.7645566817043771
22,0.009286731454562294,0.7848173187399157
23,0.0376979296630321,0.6669946023064032
24,0.0005281801567977972,0.8880072868998209
25,0.011654056356057211,0.7448565963899683
26,0.002251050388796305,0.6575041811326925
27,0.003365589995229063,0.2316390000790018
28,0.0018653961580259787,0.5147670623603693
29,0.00042521427919172246,0.8999927394978952
30,0.008458246643736187,0.7878261200175496
31,0.00034269885997410555,0.7593323656325264
32,0.0016424180616151436,0.8319941696419347
33,0.007404173400610659,0.8379486446648808
34,0.06383397323989091,0.6263705857964543
35,0.0013443590550220792,0.8117575761126468
36,0.004045123082134894,0.8232701565143301
37,1.692706870599798e-05,0.9941800433212511
38,0.06497808675882674,0.8100015472152938
39,0.001958472824294002,0.6454316158405151
40,5.827189115125815e-07,0.9987312902655009
41,0.005994646198664992,0.9374191652342974
42,0.06743614487257793,0.6228175709983126
43,0.0003194321513730151,0.9422445256057521
44,0.014324024816736575,0.7708371552931079
45,0.027010256520503283,0.8259814765925112
46,8.011929676976741e-05,0.7669227528507565
47,0.0007227024931874075,0.7811653311429784
48,0.006432546361185739,0.7878290275182467
49,0.0007423486013407865,0.8511585628840005
50,0.008552377476407132,0.8405049526478607
51,0.00230616117873307,0.6921995534858862
52,6.56040739463929e-05,0.981062054466298
53,0.0009467403650424888,0.9632841750517624
54,0.057144016975900463,0.8328886561808231
55,0.0001418275483577217,0.8013710128205404
56,0.0005358584312861446,0.9201964976428937
57,0.0012815067366099525,0.9336224345626591
58,0.013656690937530825,0.8644981265532934
59,0.000694883376111595,0.8471384123280369
60,0.010298957145013646,0.7424107070634056
61,0.00411024390948582,0.7732578557001707
62,0.00041647806077759766,0.7642185527884878
63,0.002472739482970137,0.7468306270152733
64,0.003251133061155865,0.7743251299705795
65,1.068500422427896e-06,0.9977171978045759
66,0.010597354438698544,0.8820164708533047
67,0.006817277816100741,0.7710280911197425
68,0.0009440080076877837,0.8432058822593667
69,0.05587787704138975,0.7095247040935658
70,0.0008624977754061925,0.769055091235661
71,0.0009711849806041407,0.9063566190471813
72,0.006210030259455717,0.8454245892857863
73,0.004144840239757541,0.8892492978477053
74,0.00046613453229040614,0.9611540767735983
75,4.030446650511014e-06,0.997144587251962
76,0.0421887721024576,0.8115133503418235
77,0.023627635322086095,0.7106035013397447
78,0.0005617542305063792,0.7496049920343612
79,0.003319408971670826,0.7303205819626504
80,0.000679626520796346,0.8010455384236385
81,0.0042026085657192475,0.793194383722436
82,0.0005674817457600445,0.8614732768887807
83,0.012979633171275448,0.6733403056092704
84,0.005355726393865225,0.8256090835370214
85,0.010466042564621594,0.764164348404637
86,0.07435950112086442,0.608113281168672
87,0.0004608155870209701,0.8477146599073977
88,0.011416354177037133,0.6989835320482115
89,3.797608161743606e-07,0.9992498514563326
90,0.019202638936872282,0.8897791617852685
91,0.00036503512989543457,0.9301270650550966
92,0.006612463260437,0.8445500012188343
93,0.0007820720460261425,0.8705748520336876
94,0.01634431381998286,0.8305312815089819
95,0.0,0.7317894135280443
96,0.00026651925239681585,0.9350253843265102
97,0.033082319626122986,0.7781963971166102
98,0.0008754312512923299,0.8143885182469598
99,0.025950277557369724,0.7791052344144089
100,0.0023908449268071567,0.6086397803389639
101,0.0007584956622710894,0.768819435628191
102,0.00469236842925108,0.7279706268909418
103,2.2860114653811596e-05,0.9906666570887601
104,0.004796065700966445,0.9135879738253949
105,0.0,0.8017324541348892
106,0.0004478917352526191,0.8653661457988352
107,0.003940541072962235,0.7877535968094103
108,0.0006128338347800669,0.7948426991843888
109,0.0053879374119238325,0.8129572755949522
110,0.008014381379713834,0.7672112738938941
111,0.00038234957226987687,0.783672388799547
112,0.02741931783003892,0.719908350494171
113,0.009902207062951337,0.7621299788477611
114,0.042493646896948165,0.6634995451700704
115,0.0003595977547503406,0.9339149021855714
116,0.02018644068042824,0.7056040276450766
117,0.003419328230426897,0.9015433580782611
118,0.008296248144474017,0.8822422602332213
119,0.0006065640664971515,0.8070887036066747
120,0.0061254972287654195,0.7291426535011784
121,0.0001872524426712552,0.9774941517649162
122,0.0011532399291066598,0.9521520827088807
123,0.01147743922797204,0.8892124974893578
124,0.0012616820158183534,0.7876632409939199
125,0.007424342054417269,0.6794789053313874
126,0.0036901855667715237,0.8003759574713679
127,0.0038762771628702616,0.37518562986155546
128,0.00015016589360187024,0.9687784561604104
129,0.01624863222784569,0.8673975167694865
130,0.0023477822903175973,0.7176039574596802
131,0.04752596848568422,0.6512436865711969
132,0.0012746152197474084,0.8544210283753157
133,0.015943114472271768,0.6346833559165909
134,0.0026738609035882447,0.6160850426161677
135,3.8873912448348586e-05,0.9873197043648906
136,0.013430605620583437,0.8462779510756008
137,0.0037923705429763104,0.9253686366967662
138,0.011983429819638087,0.900450656830601
139,0.0037617649224281503,0.7594885062588762
140,0.012734254497085052,0.7528433692845317
141,0.00029950191738686567,0.9444126216527178
142,0.019676179651886776,0.7219580468377848
143,0.004889958798975016,0.8893457890061992
144,8.664373961431944e-06,0.9964346887473811
145,0.028394605183455855,0.858559397748735
146,0.0009793996329546801,0.8218220075585665
147,0.0035897957737546123,0.8217893090926216
148,0.010712301096250345,0.7679845807283909
149,0.0007509261730686427,0.8236544146466294
150,0.03252215780223794,0.7596345555392297
151,0.0035323849741533834,0.7549470529253661
152,3.2771032947382705e-05,0.9857504197774464
153,0.008148400767778327,0.8729813527556052
154,6.59391511265478e-05,0.7666743172858586
155,0.00010135839937598015,0.9762679373944527
156,0.006050821112629114,0.8760178185738992
157,0.00031302680002977127,0.7655260533908519
158,0.003254968673079766,0.7419179790873012
159,0.0003912715726212946,0.9179541663850178
160,6.489587781038187e-05,0.9899056040993615
161,0.00584088558999449,0.917242964961301
162,5.882085676140609e-05,0.9798483500397902
163,0.009074708873633491,0.877858863711222
164,0.018353652871180633,0.8856887251218772
165,0.031921278717265,0.6845413799758949
166,0.0009361999890423073,0.778500599825078
167,9.861811676801057e-05,0.9744602841251494
168,0.00021151602166086733,0.9831077711012703
169,0.011143222153830191,0.9154147716997474
170,0.0005533627114799028,0.8767254568861647
171,0.007382618973579963,0.8562992000599812
172,0.01627390884215362,0.7472475252659824
173,4.389022630572729e-05,0.9813190018184728
174,0.007385103844745028,0.8857746328834383
175,0.0006716652811116739,0.8778914593431286
176,0.014658493322956379,0.8315620103018664
177,0.0008668266301257253,0.8441260170031445
178,0.012748158066882648,0.6500341972508936
179,0.002090021204887184,0.6506447241763428
180,0.0001256574625028949,0.7969646792471683
181,0.028842869621913694,0.6964388684581896
182,0.0007750436728122278,0.8228087339639107
183,0.017958009950295697,0.8031947291859037
184,0.0033881392712232596,0.7428557828675733
185,0.0,0.704359557254041
186,0.03448568937516448,0.6578643583531222
187,0.0005082974539021124,0.7522587745930588
188,0.008913687678448405,0.7922017597472263
189,0.012554725762140768,0.754680894520388
190,0.0021014281988971854,0.5267528452633092
191,0.0008518770036736214,0.8490531377096797
192,0.02473972228175087,0.7695803344466144
193,0.0027584159465574736,0.6608065516704307
194,0.012369006750591601,0.7555612515428671
195,0.09821457785547243,0.5790767118902217
196,0.005361750754547835,0.7738576783112256
197,0.0023450565664112867,0.6543534819341404
198,0.004685606876125936,0.7683840904797311
199,9.362648285304341e-05,0.7475985407860923
200,0.07055378151280572,0.6252824492452388
201,0.0037036274093633407,0.7366323978227036
202,0.001127947914870415,0.809937963485875
203,0.011214459141872598,0.685873061859483
204,0.02780732332542587,0.7695783160322152
205,0.050720243447098017,0.6491726693496558
206,0.0004966881821865395,0.9367254354052096
207,0.02380469375602853,0.8380598046265845
208,0.009878036523312055,0.7670156230918672
209,0.0005055418222623629,0.7663999432838278
210,0.002106323740754256,0.8230169370431502
211,0.004107767326681848,0.8169436247395385
212,2.452959588492217e-05,0.9898920268264016
213,0.00021020470578536938,0.9794617202392142
214,0.00012729596735006155,0.9883104056552678
215,7.683603097794003e-06,0.9966292897768023
216,3.4368469381945568e-06,0.9982802797932495
217,5.731165122981374e-07,0.9993214199755261
218,8.56970996380146e-08,0.9997227482804468
219,2.051518803002462e-08,0.999874387797102
220,0.035151814319502164,0.9141345787516306
221,0.007734765118061711,0.7713734787469707
222,0.0008012593411559139,0.8454758346274776
223,0.000809480991027929,0.9416854761817249
224,0.03781458816934115,0.8194768284194577
225,0.005431378851716505,0.776344596313858
226,0.0002718289538134229,0.7803919737873541
227,0.0010950900855168182,0.8721799125880032
228,0.0024033287342188872,0.9070056756216903
229,0.005354875181341302,0.8645569370794245
230,0.001162953871537863,0.8106060649263593
231,0.008364506430000697,0.7115254743759523
232,0.0003594075579882738,0.9652426020591668
233,0.00553868307417748,0.8969824716133162
234,0.0004948236732733114,0.9187313203937776
235,0.016106229919888766,0.6838040917128398
236,2.4793597347450914e-05,0.9864686331273145
237,0.0001622746670680188,0.9872590087126951
238,0.0052865746141788055,0.9345852331823608
239,0.0027902206317543007,0.7377483898198002
240,0.0032333531524046557,0.21596979888064693
241,0.0,0.7460810171962506
242,0.07919193453616606,0.5948737589768112
243,0.002414664004913193,0.594070566626167
244,0.0026775780253179443,0.6240316736216932
245,0.005874919329078208,0.769477477071769
246,0.0015896786392186665,0.53233795158848
247,0.000580582689424604,0.9265529247931038
248,0.008641666280080711,0.8724447678137535
249,0.0011596167560010313,0.8344322443800242
250,0.00895575435337581,0.7546070104083924
251,1.2508785783864161e-05,0.9951903401519839
252,3.542992419449796e-05,0.9937477695639406
253,0.024902793293333753,0.8816833735075428
254,0.002024440955765182,0.5978978056125342
255,0.002174730182150847,0.600278583794643
256,9.025539016133185e-05,0.9669482416927666
257,0.013208664263173471,0.806209390987753
258,0.0005997061889240669,0.8516887356260414
259,1.762838434879687e-05,0.9930293944832838
260,0.005867945515356845,0.9205625065492163
261,0.0027347581813132217,0.6691006171784558
262,0.006739085625150155,0.7753521473844761
263,0.0007584956622710894,0.768819435628191
264,0.0012599793225671469,0.9101185642569359
265,0.00896803476691479,0.8151557890064397
266,0.0015643217941761825,0.9234671083532038
267,0.000113494186601453,0.9821493040150993
268,1.8338957099477356e-05,0.9948665603962027
269,0.08606618305678837,0.7578757126964866
270,0.0,0.7196671551138842
271,9.594718298194372e-05,0.9666801411547447
272,0.005212899843517522,0.8646875140911388
273,0.0030552663170545146,0.10847872194509897
274,0.00032823488483648837,0.8189143353012428
275,0.0005840495847150484,0.9364395428848202
276,0.008736148455529745,0.8765591994287529
277,7.067744332752919e-05,0.7669647427393917
278,0.0009792598154415274,0.8428388455362523
279,0.0069574577552793055,0.7592949105988859
280,0.0008353148727969138,0.917780504695546
281,3.5325598955135605e-06,0.9966206841890096
282,1.839650600952179e-07,0.999606829593352
283,0.037815786373856006,0.8869148122389646
284,0.01724394787609848,0.7443267567473972
285,0.0006209335443974533,0.8623751392652106
286,0.03924263967585564,0.7580324822969411
287,0.0009663613811509202,0.8628027528269884
288,0.01763183951967666,0.6476621384885697
289,7.759632625384048e-05,0.7623834990457505
290,0.0014636327995928347,0.7431254488300122
291,0.03139336691445899,0.6908084508746464
292,0.10581132504806094,0.5796777893572043
293,0.08254442344239958,0.600360589747562
294,0.011954704515961402,0.7647806252304553
295,0.0012313951103211519,0.8389236365343367
296,0.008022803156736348,0.7725941733691869
297,0.006031534106853472,0.8557772706106285
298,0.0006092112242680936,0.7756178758335793
299,0.004141705635617066,0.7954673531696027
300,0.06734304253828433,0.616938811449334
301,0.0009863489077729434,0.8128088120035144
302,0.005952792070740563,0.698787312856535
303,0.0009405797177517669,0.7611643378275638
304,0.0037109952111634512,0.7978870711604854
305,0.002670186792909779,0.6727188666628469
306,0.005296304877888699,0.7754099563564102
307,0.003206074119295718,0.7371471726681861
308,0.003209497844422387,0.681105219101449
309,6.959912655343755e-05,0.7735440204783788
310,0.0005834225151684666,0.7528175256134442
311,3.16970402848019e-05,0.9827476426646453
312,0.00025925342978481226,0.9774507020894224
313,0.019924655282678165,0.8664412236362605
314,0.0031390177832771263,0.739347478038263
315,0.0160565730159113,0.7402829855204978
316,0.000161287537854831,0.9537996514687013
317,0.015813419860550012,0.7766058980187686
318,0.007715075300157868,0.84827036412292
319,0.022549487253686672,0.7110346700750381
320,0.002944655140541471,0.5655679375336407
321,0.005465210593474099,0.7743040237560291
322,0.0010072478065525532,0.8853743769676129
323,0.0013220857885941116,0.9228280417687346
324,0.041423612144384225,0.8130590989048913
325,0.000432731177116685,0.7975849525366827
326,0.03811898012132571,0.7214670623267639
327,0.0008746283564618283,0.7926005936783356
328,0.007576921931196214,0.6555244998529377
329,4.847469663540055e-05,0.9861584558883647
330,0.005178952199185317,0.9034946332455392
331,0.002752221706229401,0.7220154141600421
332,0.0,0.7615527140775672
333,4.82503621018836e-05,0.8381551193408036
334,6.683782930163488e-05,0.8981326393321389
335,0.04762185056281403,0.6005933874624005
336,0.0007584959795700964,0.8064627046814811
337,0.005921452762031957,0.6853760086849852
338,0.0034977852178236183,0.84467288217103
339,0.019053377523358502,0.7920176371770867
340,0.0011902204545451306,0.8363200613104628
341,0.008790887083322652,0.72712144338556
342,0.04179911927693368,0.6575088502470448
343,0.0,0.7526523405392018
344,0.005568041798877216,0.5855618202389422
345,0.0004719990932902985,0.9325432640579095
346,0.01723039787839711,0.7327061505707981
347,0.004598607136499719,0.48691614678412154
348,0.0005687029455744546,0.8474204462236636
349,0.00013389782389831045,0.9783190566279054
350,0.004996341951665569,0.9116909768077459
351,0.06167735270878478,0.6324336734195655
352,0.00030257914093196947,0.7860725777651407
353,0.0031812037553742276,0.7723337215572004
354,0.002492860532273956,0.6971129955129542
355,0.0020403922928623323,0.6420506577720098
356,0.04750941395181706,0.6509876179352183
357,0.003436796453380905,0.7567962049813657
358,8.685593639979141e-05,0.9682101951516245
359,0.0035655092184088888,0.9047922650479412
360,0.021289983332166088,0.8670368449235462
361,0.0007216772938923231,0.8972354688349253
362,0.0045618232707661625,0.8688789674309526
363,0.0015372993034694419,0.946466014441916
364,0.0019353186229860808,0.9492354881225563
365,0.008745779581883691,0.8985517106696875
366,0.0025158982389748468,0.6034739245921288
367,0.002781504141863596,0.7227781222199037
368,0.0007337343040314783,0.7761272295619462
369,0.004263615456169607,0.7089013929346983
370,0.0002705526915679602,0.7700823938812938
371,0.06525951251733929,0.6511437750362632
372,0.05845505949522186,0.6349619536215078
373,0.0005123503264199334,0.9209300048347006
374,0.01196925919619072,0.7475586925939427
375,0.08521343490668076,0.597044877272003
376,0.03922247712048321,0.6689633932759208
377,0.004581162140542462,0.7573745553171705
378,0.0006983678962574983,0.779845308098543
379,0.0022508626873279265,0.8440946591900459
380,4.908555662630938e-07,0.9990740007676586
381,0.013888854099885826,0.9050160855462701
382,0.004927343710923856,0.5033138112478412
383,0.0007497012911019235,0.7934446012236553
384,0.006330180987590124,0.8076930333649823
385,0.004559307485860334,0.7636985203588391
386,0.0032255164809451725,0.7703322214517732
387,0.0008586668752856402,0.8644178959219824
388,5.174360973758007e-07,0.9991704379543571
389,0.02090146333558617,0.898955313974465
390,0.00041656460723361145,0.7809625827103484
391,0.003979992975921991,0.784669934044837
392,0.0020169078960142997,0.5952789816167647
393,0.0004690963447636208,0.7856274073734192
394,0.004887670740366411,0.7373840228848773
395,0.0008049017733578695,0.8236188138148124
396,0.007310195803961267,0.7447329225984436
397,0.009062370504282213,0.8441261735356889
398,0.00465471594837081,0.7701001185871235
399,0.00035318533280243047,0.7520876214686762
400,0.0025387870082436343,0.809605386932409
401,0.0001496100597885555,0.9799028980527301
402,0.00637585575735183,0.9029475682168409
403,0.012679364317031021,0.7558340031345923
404,0.07293937898527113,0.6093303015574736
405,0.0002551333762554627,0.9537934760416841
406,0.0050513563666769465,0.8959013121655676
407,0.0005186238379260039,0.8863771943007908
408,0.015894542614302034,0.6516011805119104
409,5.0646076330293705e-05,0.9790627456839522
410,0.006358186249876254,0.8743611077432288
411,0.0005863370921304744,0.7773887095880447
412,0.001855336603860294,0.8148103695721594
413,0.0028926590033624597,0.8141918900918355
414,0.03026192624648653,0.7439828886810668
415,0.007846852160532615,0.7751331980172129
416,0.003243402316602916,0.7243860884035818
417,0.0037506796306416156,0.767878781613614
418,3.32991972585281e-06,0.9960613596005796
419,0.0062999695082839036,0.9142163449070384
420,0.0031659067592989037,0.7437332300065993
421,0.005519210345604568,0.76942929919475
422,0.0030010905675908555,0.683403855387579
423,0.002383599005867851,0.6606889892998729
424,0.0005638735537864259,0.7759562557280354
425,0.012232208157727442,0.7925808095909715
426,0.06930308274173078,0.6108162289225433
427,0.0006035049479760634,0.7732085053859096
428,0.0059679119294363545,0.7063228885264958
429,0.00441976748120374,0.7676724904493089
430,8.850091191584729e-05,0.9713490425360131
431,0.0114060300713415,0.8933768049474252
432,0.002457233379339191,0.5370349695626258
433,0.0024309607780323753,0.7193402856059519
434,0.0034504711936667815,0.14223662795843323
435,0.0009043295404945088,0.8624090800359357
436,0.005743505153244508,0.8056435314225502
437,0.006248239856516812,0.7760325449573156
438,0.019649297520099515,0.7238872756341574
439,7.021188429592275e-05,0.7651362793484562
440,0.002110489751133459,0.7594419837609856
441,0.00041227927320736926,0.9383213031856027
442,0.00014494480639857794,0.9781946985517599
443,0.05986712046670353,0.7598830958314302
444,0.0008857778447544057,0.7913221670585733
445,0.0004366821059518578,0.9524125498551442
446,0.006193537625360359,0.8757764356577519
447,0.0043771267232831715,0.7655297897556392
448,8.324018622365129e-08,0.9995496381714134
449,0.013517469128333444,0.9062778679766672
450,0.01583211387501546,0.7478948201341565
451,0.00019503537451795723,0.9628916059944016
452,0.01763942596511272,0.7520108659487357
453,0.006098150823204826,0.8788851513222871
454,0.008588395568910716,0.7725807302055429
455,0.03588997169876389,0.667513451621358
456,0.005756309590552345,0.7735169422209506
457,0.0006298929703364423,0.7820655590478097
458,0.005045250778632827,0.7130731324308068
459,0.0036257564416775885,0.8167028090722895
460,0.030794304643580756,0.7382510260027201
461,2.308892116293653e-05,0.9868768685275843
462,0.07731311205522097,0.7829347338633289
463,0.0,0.7818025375921321
464,0.15434571722818272,0.5344970268098352
465,0.0013266876523216667,0.7821156489846974
466,0.00805878393910373,0.6986952054028249
467,0.0006433985008107854,0.8515558060674568
468,0.013850534682084399,0.657611601206507
469,0.007295794002533123,0.7652824265624305
470,1.4885495646368047e-05,0.992771260121027
471,0.013502733099496012,0.8599206527311778
472,0.000410870668015854,0.917215345348751
473,0.005400122855029491,0.8706262140030908
474,0.002276414131925703,0.6525141960077326
475,0.008461361561999586,0.7781413507416396
476,0.0,0.749517414666983
477,5.31627424209853e-05,0.9777029928936766
478,0.00012952913107070008,0.9866718399947426
479,0.011764099307785275,0.9160865846975081
480,0.0013517202427704086,0.8088567318804467
481,0.003545587588893291,0.8260297307018865
482,0.0001423703066836815,0.979238085503968
483,0.0012131528512265028,0.9595127574723862
484,0.027592529699753357,0.86027507202561
485,0.10359352807009234,0.5831682070477829
486,0.0026373553031023866,0.7037784318404683
487,6.883291067461643e-05,0.762207027346404
488,0.012639584141330845,0.763904793588444
489,9.704639106386946e-05,0.7464467055580217
490,0.0009058917685738695,0.8848998707175594
491,0.010356350122813811,0.7543728685295475
492,0.0,0.7900361473159507
493,0.0008427987067868137,0.7958834069688857
494,0.06395481913611109,0.6209337518850286
495,0.0006793291094425115,0.8893226015512723
496,0.012477094511033673,0.7501461067241433
497,0.0029603178770193227,0.7357592534123076
498,0.019192171477697226,0.7296513956197971
499,0.009146258199840187,0.7646530903355414
500,0.00013859253917297264,0.9660308806565914
501,0.0038843162829810566,0.9198722608254032
502,0.004805587176230164,0.916288863511531
503,0.04290034065223461,0.6617364553738962
504,0.005145762169090608,0.7723531329021365
505,0.0004120340896581568,0.8534997101602825
506,0.009399914394200522,0.6806464355233978
507,0.004503456420938938,0.8097717008818169
508,0.000380147793800106,0.9002366484173129
509,0.013706997205702922,0.6716336376885421
510,0.0,0.7993189524885503
511,8.171425125236586e-05,0.963926832907669
512,0.007673207975650571,0.8254792349641357
513,0.0034267830504510076,0.8952850931266346
514,0.01655478763214016,0.8235437397574831
515,0.0,0.7619096840598333
516,0.00027403308724500877,0.9152341711151382
517,0.0028701749068666483,0.8543926053693645
518,0.0032112990120251516,0.8784370460558206
519,0.00030498724055040674,0.9625791165550216
520,0.11975084332633373,0.6045262422333473
521,0.002342757232652425,0.6925829562870817
522,0.0005557742018965823,0.9196661141477791
523,0.006365885323709524,0.834568758773607
524,0.038623050806601514,0.792806438032915
525,7.909647994472433e-05,0.9752065639971383
526,0.020332532807587032,0.7665933007007478
527,0.0026230062543198237,0.5239106037503525
528,0.00042585336052264653,0.8905630550645037
529,0.000319277509307205,0.9729527482859249
530,0.0071773044205545485,0.8873204145395414
531,6.794139241950837e-05,0.9733659161976667
532,0.014732199125319765,0.7933888901203163
533,0.08581510551149588,0.7207656435881272
534,0.06560784242416838,0.6214676326629783
535,0.0034005090725049746,0.18241871770894863
536,0.000604904492462438,0.898759956231743
537,0.06121700930680657,0.7230740114368732
538,0.00015892518803177616,0.7736869895094654
539,0.0005114205927888944,0.8649666535616013
540,0.024451000518083098,0.764252179880972
541,2.9084346045401594e-06,0.9965852534550523
542,0.01564226147875516,0.8630026323706884
543,0.0058314409743450936,0.7698006411390549
544,0.032060892833386125,0.6855837945210745
545,0.0003712238118512034,0.9286903069213326
546,0.004092729244239361,0.8794438431857097
547,0.005326603044627148,0.9025485506202738
548,0.005867835647200019,0.773623044109541
549,0.0002838310605220946,0.9512523093623465
550,0.012885762023009322,0.7973139519074685
551,0.0017593870085773316,0.5964432902413739
552,0.0032619844185201347,0.14229292945245772
553,0.00062396970124277,0.9180807884699062
554,0.01218245529573268,0.8509191111507696
555,0.0008007901765503472,0.7925024118567221
556,2.0787313583911516e-05,0.9922069595638888
557,0.0009471768421439353,0.9696562038921394
558,0.005476313566345281,0.9369556299619376
559,9.464042414565693e-05,0.9779457437905186
560,1.622650669210006e-05,0.9959048080098772
561,0.008007876477777717,0.9176225328902734
562,0.0001278374679115091,0.7642024347034246
563,0.0004975340812087018,0.8123535034454048
564,0.003559307105569076,0.7885918132893389
565,0.002550501113546333,0.7158274612315761
566,0.0007898451470372587,0.8233654465065877
567,0.00785088342023795,0.7015766671418638
568,0.04805655293389435,0.6538765756968761
569,0.0006587569534278209,0.8344109166085184
570,0.0016093295655231971,0.9136242245197274
571,0.0018516976167632809,0.938545900731255
572,0.000358321236188078,0.9762735942911666
573,0.016727800371241885,0.8875515231972845
574,0.00017635743915686786,0.9579400891055256
575,0.018184784961962696,0.8675631054581536
576,0.0008899478370501556,0.8342959382266351
577,0.007103166033526417,0.8302295820924848
578,0.0045052620680951175,0.760052684694364
579,1.2558455297005591e-05,0.9919353370786966
580,0.008487630000750526,0.8951965450612805
581,0.0008222362869888038,0.9019231021515913
582,4.0438001401698705e-05,0.9907414333805954
583,0.002240805137206316,0.9544877443273622
584,0.01509267303014794,0.8984365911298006
585,0.000628614212678825,0.8037822400418181
586,0.003601363903047131,0.8603367918833416
587,0.004132255213515086,0.8838174102918083
588,0.0015852452422032185,0.9342698676692883
589,0.0004890031118333271,0.9676701576529633
590,0.0001354644668721558,0.9842776757291168
591,3.632012749629397e-05,0.9915020242845496
592,1.0524353269446424e-05,0.9964525373906651
593,5.542411342050604e-07,0.9992526765641055
594,4.782991553061848e-07,0.9992688233969047
595,0.09455072014818287,0.6762809484555433
596,0.002479951751930443,0.5420275202562684
597,0.0004686686055623328,0.7507409753270966
598,0.0033089368787628535,0.6897159066532569
599,0.0014669651319017367,0.8490380045765402
600,0.0002470736766332521,0.9465498933032062
601,2.1822373259891778e-05,0.9905671864186707
602,1.5721590288005984e-06,0.998818116734013
603,0.05895378325340829,0.8347661959044426
604,0.003145400254654078,0.7553552464817063
605,0.014310000544813082,0.7542256501374093
606,0.04381880376307896,0.6640790848933437
607,0.00028318926032700533,0.9311802028849919
608,0.009610085617630468,0.8078865616608728
609,0.04064757730046408,0.6660403481019687
610,0.00034697820225138785,0.949815470427399
611,0.009014897939649892,0.8198352976725896
612,8.240903175175904e-05,0.7613391514802559
613,0.00558848355551738,0.785036649670221
614,0.002278525590712255,0.6582855988213301
615,0.007547372150612822,0.7732068216868738
616,0.0006778121655030651,0.8102775195272283
617,1.4149985596207507e-05,0.9923178367817214
618,0.014801883304573596,0.8973486522710995
619,0.0005530940796171958,0.8631946590842738
620,0.010298586058084133,0.726012830149418
621,0.011672802848288215,0.8389647940371256
622,0.0023045059718985947,0.692212727669967
623,0.0027134995614178305,0.7199982644382351
624,0.0006100508894831363,0.7657290003302657
625,0.0011545245514894492,0.8236504714543531
626,0.004161789001320628,0.8088789014389074
627,0.0003729620002471215,0.9302408816141888
628,0.00543038762762662,0.8769895476001757
629,0.00014942495745139892,0.7898547873503328
630,5.093767910584275e-07,0.9986517479577236
631,0.008626126697956852,0.9020189246933286
632,0.005321692589099159,0.7755491015482059
633,0.00018939312347233776,0.9463431474513877
634,0.006100215568692075,0.8497574848581395
635,0.0006852683156446167,0.8766728975317
636,0.008262366073564264,0.7635816454325576
637,0.0029869781203412374,0.6943782439214945
638,0.002365361449725254,0.7180673172774815
639,0.0004495490640026637,0.9121105936607649
640,0.052685064731066565,0.7574082448212339
641,0.0004207380431059682,0.7545332434258661
642,0.00017615554154579147,0.9686853458064462
643,0.007187195420104923,0.8959021691242298
644,0.003110236456820172,0.7531427426022013
645,6.312159415995253e-05,0.9756813652823482
646,0.0010975896400193808,0.9559306421832481
647,0.010123904332354697,0.8936359725392409
648,0.005043797601184363,0.7687088317011721
649,0.000576423895483061,0.7814293521057495
650,0.003826772599088316,0.7832963146514142
651,0.002111951805343382,0.5912970354824798
652,0.012853156174806495,0.7429290824885264
653,6.117517495535973e-05,0.7743021941765759
654,0.00213947481271452,0.8096808148618316
655,0.00272724494104686,0.8403808820206861
656,0.006192623569798043,0.8258037380248857
657,0.024044786080182574,0.7125740638855699
658,0.00027797809954154516,0.9488380841454988
659,0.015265717163148602,0.8601248179465193
660,0.04250695859272458,0.6633294621441976
661,0.0,0.7592255057008818
662,0.0034479443276349982,0.6162966462707895
663,0.08510987740439693,0.5986635346912119
664,0.0005004263754692259,0.8663854242025215
665,0.010732852697834581,0.837472899621215
666,0.06915994426439961,0.6112577171641094
667,0.004664203379930801,0.7644458359143996
668,0.0,0.7178592719435537
669,0.028465647194788925,0.6824005840470134
670,0.002918480362401285,0.6964014958652814
671,0.04848926781641531,0.6497241519516421
672,2.9783590880130163e-05,0.9884321919567766
673,0.05843244979619032,0.7866300983929918
674,0.005007793035260549,0.7507222911767428
675,0.004101152634953518,0.751758913438891
676,0.0006020985535021933,0.8299465973266561
677,0.00533506032915538,0.8350607782030396
678,0.05405456604545089,0.6427877839640552
679,0.040919425583461635,0.6538361950616433
680,0.002626740511465865,0.7195939113556067
681,0.0006949105865615575,0.8301008520606434
682,0.004715181047835486,0.8280789878596347
683,0.0009639604547039833,0.8529186989643652
684,0.004579424383013027,0.8060285896296726
685,0.0022726466336776413,0.9172010345753638
686,0.05579954337133581,0.7569015201733285
687,0.0009796487449539298,0.7773329215175571
688,0.0052356417610225124,0.812567398972073
689,0.054225033020251924,0.6396984693001735
690,0.0007633090965934404,0.8656851918332162
691,0.02959794814504635,0.7946329741664819
692,0.04927043741918674,0.6415842074786897
693,1.3326147219762025e-05,0.992875190055575
694,0.015351224279100984,0.8959421807071596
695,0.0010829556582705763,0.8293801640821994
696,0.004458641055692616,0.7843185802653854
697,0.0007562561943141421,0.7711957437190421
698,0.0012561667223161279,0.9102578898058842
699,0.0055346773846116715,0.853266505891459
700,0.1297035487418641,0.5472318940388644
701,0.0006637606486421064,0.8939641714776837
702,0.0028189441427574776,0.8971844119624337
703,0.0009120401782864351,0.9632524816748183
704,0.008296481957209613,0.9064654377059456
705,0.0001559138007308152,0.7690272953581843
706,0.003644176232502029,0.7657737151464389
707,0.0018311266054122513,0.597919237471521
708,0.00042488571654530867,0.937548875218773
709,0.016998432155506858,0.7372756207966993
710,0.005948008220578075,0.76985087129482
711,0.0003276428769602384,0.9520377459014439
712,0.008631340446332049,0.8407160346364418
713,0.05492845029549114,0.6367300914897972
714,0.00017042756362939157,0.7833780864217066
715,0.0032364432974265954,0.7526473292178845
716,0.0009909068063816038,0.8667423512390517
717,0.013742438296050614,0.6818187180342387
718,0.009741195776882918,0.764823927727608
719,0.002245771642258218,0.6537134097126058
720,0.017884669056942692,0.7279857593938794
721,0.004353176419734953,0.4758386482089762
722,0.0004861443865269219,0.8505287823823613
723,0.000295873849190089,0.9616152006764127
724,0.09433889818002109,0.7235771494139217
725,0.0004970760942295916,0.7797150902322604
726,0.004444331929852454,0.7875580003935411
727,0.000985303336446109,0.8093778078819253
728,0.005475289842234056,0.6992061777211971
729,0.0008758015944579509,0.7897059234331041
730,0.005303296629141923,0.8088049499380222
731,9.496061186091873e-05,0.7516483987636948
732,0.0014943562480638456,0.8078436907739495
733,0.003849858401290127,0.8164720280668365
734,0.0008624151184816514,0.9237114524065114
735,0.09678716332805751,0.6291692455865543
736,0.0004755621478577549,0.7533546903424726
737,0.00012853705014922214,0.9765821407008629
738,0.0021941565396567018,0.9334836374283516
739,0.01571739950574104,0.8826009413948844
740,8.160715349375959e-05,0.7862600827759986
741,0.003241379347408323,0.7295444975770755
742,0.019296376743371108,0.7208142432529541
743,8.016218275220575e-05,0.9745127598981892
744,0.01294994961886984,0.890160685472077
745,8.258649141436968e-05,0.7557793383289748
746,0.005315704548780157,0.7870803843027085
747,0.0006118527728978978,0.7797308620232614
748,0.0005550175744189616,0.9085974129818312
749,0.0011706344028257537,0.9335358239525883
750,0.001974593373465734,0.9217073896357169
751,0.03231281093297441,0.8002219761718576
752,4.2272601077450045e-05,0.9869703255090033
753,0.02004242206309738,0.8044255452083516
754,0.00319694689559572,0.7127699719188043
755,0.0032782114566607796,0.7700085471763303
756,0.0032497785831349774,0.7570177856010888
757,0.0019368345408505858,0.5922386957253163
758,0.00041757198822736825,0.7923583198306563
759,0.004055299561934852,0.8072109859237879
760,0.0009498662125970399,0.8748073436217507
761,0.005991151506539505,0.8476119374201552
762,0.003159274210139846,0.7534102731306289
763,0.0004816696309590185,0.7829466978940185
764,0.0015112733234173192,0.8948313172166458
765,9.86099406318266e-05,0.9855396856574797
766,0.0013953848656736846,0.961214139654378
767,0.00031759805816682524,0.9818557844219283
768,4.004098755081639e-05,0.9931173552593137
769,1.8671037901940507e-06,0.9989224426130595
770,0.043686878876804315,0.8850317596823905
771,0.0005528159514481674,0.8125208367393101
772,0.00453847508645452,0.7844055957486171
773,0.000814867676910877,0.7754112418565288
774,0.0013452266093665552,0.8997517276770753
775,0.005607672320870944,0.8412618908955767
776,5.961935287247514e-05,0.9797666851272782
777,0.008373124531069656,0.8657935498831612
778,0.0005089142687439114,0.758882238984449
779,0.0005579040896251461,0.9143917921290525
780,0.007513837086454544,0.8588670157744579
781,0.0024606136303919374,0.6589675286496761
782,0.06144344451157213,0.6294676065877055
783,0.031952004618962374,0.6753786555075514
784,0.002964253877487179,0.6171122297168563
785,0.000791665557282207,0.8293700358403098
786,0.025658025365549442,0.7524752327577111
787,0.0004524882005344414,0.7655822727479736
788,0.021231382875751006,0.7367597743455485
789,0.0006658451460324364,0.8861964731185108
790,0.03988974189897396,0.7565771837213183
791,0.004058540882635248,0.7620954337522047
792,0.0022607133442785004,0.5263085193084236
793,0.15474269781063102,0.5367695449959102
794,0.000514299546399016,0.9355912115644933
795,0.018995492893842267,0.7326483205319672
796,0.000618709069206609,0.8760725494021331
797,0.007184410351887711,0.8181037692635582
798,0.005741108626324273,0.8769559296765588
799,0.0001189975188073045,0.762531074891266
800,0.014667154913563877,0.753365572754127
801,0.001727267205075202,0.5975832082400154
802,0.003013630145549419,0.7530362722006588
803,0.00012578972463366688,0.784478760656953
804,0.0035084047633843715,0.7418253138677107
805,0.05871618604489313,0.6389120386138091
806,0.0008558638301901163,0.7772202759487796
807,0.003123616932684625,0.6809019749230748
808,0.0012616690311080534,0.8307202994284387
809,2.2583908712473835e-06,0.9970167804160458
810,0.00017994201650890884,0.9842568199730877
811,8.864302530086916e-05,0.9916948335240423
812,0.06733586993500423,0.7701747674528907
813,0.0012082992139001206,0.8350621352117779
814,0.005185070284852642,0.83850573458403
815,0.0037385452817002107,0.7595572867893657
816,0.0001340172527592568,0.8066268629138315
817,0.10645872547200723,0.5700487202359742
818,0.00017177278239089962,0.9628008510640433
819,0.017388993142563616,0.7830442586957379
820,0.000613317082186555,0.9168475930896414
821,0.009042044564660272,0.7857888276418965
822,0.00030333537142653797,0.7669273095107203
823,0.003396407968216968,0.738871813827152
824,0.0006047779021621386,0.8340551705893161
825,2.6155511793271455e-07,0.9993150749724572
826,0.004591855330571452,0.9345533202659978
827,0.000818831509740858,0.7841479734427313
828,0.0003855028360777255,0.9408088645882282
829,0.0021022907791022243,0.9293402310425997
830,0.00030179156691086405,0.9795839496791455
831,0.051120696058075045,0.7904483763737126
832,0.0007939031148079774,0.7911888905260167
833,0.048482881460965827,0.6848807875731339
834,0.0009034024720787453,0.8134824473933222
835,0.001996049110369934,0.9055612705455134
836,0.07104083188335261,0.7206088984497132
837,0.00041184838587757146,0.8999793224278706
838,0.003396709499984501,0.8650099409348886
839,0.006025471281438307,0.8767391235102086
840,0.001673675689108943,0.596848614094734
841,0.0005915111261379591,0.920360111266728
842,0.008602502228721286,0.8082116177617468
843,0.0005492687056643679,0.9133945952263396
844,0.004996988997976286,0.854594968670879
845,0.0,0.7966890641584526
846,0.0043379046357817155,0.6617790665715801
847,0.00042542075064496565,0.9067740019578243
848,0.0031484148885540055,0.8900955650048823
849,2.9211403087960284e-06,0.9978704307415024
850,0.029367134513376046,0.8820249056964408
851,0.0006498195519532565,0.7975755372062978
852,0.00895552705253114,0.6147296838546519
853,1.2100014079371303e-06,0.9982648040523171
854,0.051482526031309095,0.8144330509121604
855,3.9442567075027885e-05,0.9829197662740886
856,0.0003758539130684011,0.9760389947178245
857,0.005728584064461382,0.921540314123315
858,7.286699039923681e-05,0.9724205792230383
859,0.004777669999594179,0.8987720174364835
860,0.00036410821223299244,0.9329123808763711
861,0.046599303925678806,0.7742137537746862
862,0.02077898246595074,0.7206703215090304
863,0.0021665001935247236,0.6519440858184136
864,0.0006242031090045226,0.8044385419533583
865,0.005905467679996259,0.7628340179978181
866,0.016148786770139475,0.8182658729919222
867,0.007560970043170719,0.773474866598687
868,0.005307996083625907,0.7715262660804968
869,7.998347004689397e-05,0.9745411554004844
870,0.018808225120164723,0.7691319552455299
871,0.010848116921751472,0.7611975243968001
872,0.0017304427436696478,0.5932172689436717
873,0.010648224845726044,0.7663201080832803
874,0.05383369545446515,0.6402338620312035
875,0.00806684921149168,0.7693198699713549
876,0.00046241574336439677,0.898312452586451
877,0.04692653325601224,0.758720331654534
878,0.0006703578976810097,0.8023433232437306
879,0.0033107134779527514,0.8642246185085424
880,0.010165028327348035,0.8633098580919695
881,0.017636816127367536,0.7232659413441851
882,0.003006574309631819,0.670889424438643
883,0.027182769739906954,0.6977737277047229
884,0.0005448326222210743,0.9107206698413207
885,0.01287367855199952,0.7657950517222666
886,0.0011854717533756258,0.8420252939117575
887,0.005812111082454323,0.7793734792369474
888,0.00044332770384018663,0.9266201102279146
889,0.010905090774420843,0.8714898712467345
890,0.0025417368148145897,0.6697405291006651
891,0.0002061575989580299,0.9488705685495697
892,0.0009627631953750849,0.9572564221364684
893,0.009219694007330187,0.8904585720221954
894,0.0005226521932269175,0.839744571143153
895,0.02274718021080165,0.7631446366279757
896,0.0047165793774337165,0.7721895609501257
897,0.002447396356688329,0.7167504085542904
898,0.00025159160726169103,0.956173790062622
899,0.01595186529198078,0.7458523642726613
900,0.022229136028763696,0.7154063246200056
901,8.205229567437231e-05,0.7511534144120704
902,0.0007504285086129031,0.8856805226651164
903,0.00011516437114710655,0.9818197867776437
904,0.005182391211600605,0.9101905796578172
905,0.0012068854760308,0.8070632696487217
906,0.007407448944006499,0.7689989091857545
907,0.003904943422367144,0.7601270547367351
908,0.022841617106682637,0.7111653787299195
909,0.02590365763071354,0.7043588092130513
910,0.0,0.7381614922437209
911,0.0003301260298359632,0.9407948492878064
912,0.01473260292837672,0.8356690854394877
913,0.04872905882717492,0.6539607875008033
914,9.951578468915679e-05,0.9633068427013137
915,0.003123372171663129,0.9130687467459667
916,0.005720526225433264,0.9092777537094198
917,0.03752805706179938,0.6728975081590173
918,0.011550215709979945,0.7517462312318955
919,0.0,0.7143537499107487
920,0.02413896081985465,0.6882405252227942
921,0.00035759011695897904,0.7506688425103952
922,0.002499556922331011,0.7500963188818794
923,0.003773979151467468,0.7822375958322065
924,1.155683461200382e-05,0.9932287697609247
925,0.011362486817551878,0.8557318303390935
926,0.008559923686415238,0.7727842818943182
927,0.00030242429713253307,0.9539457743998496
928,0.015677681130634672,0.7739908500820188
929,0.0026180218352213195,0.6753419412166353
930,0.006507339976396615,0.7762278972227998
931,0.0034118539835023315,0.7671943728042059
932,8.903860875049438e-06,0.9939702214962959
933,0.006728700809327162,0.9136363716017137
934,0.003999369032323808,0.7663560409384131
935,0.0005700075699041701,0.7478459869024433
936,0.004400077421267701,0.7982275754455699
937,0.004788790367235398,0.7749590910989728
938,0.0005347471614731673,0.8820247878580516
939,0.007923365630751418,0.778618972310953
940,0.0011377942679825467,0.8626719011831256
941,0.013477503137427143,0.657344607839259
942,0.012743400806820147,0.8241584403734484
943,0.008001659121410137,0.7741329506253167
944,0.04449935212013622,0.6612032640766657
945,0.002017145205937721,0.5133609922895062
946,0.0023413514946136636,0.7129220340575632
947,0.00014549448330519586,0.9589122041392577
948,0.007749784990342467,0.8670719799878304
949,0.0359479444272849,0.8286919354108103
950,0.008065972872750437,0.772688007417289
951,0.09128789416620996,0.5906424612953832
952,0.0072178970137957155,0.7683174866598534
953,0.0007172443961480378,0.8933165350575402
954,0.010821522349238449,0.7691220761496466
955,0.001988465093802198,0.5151710863363569
956,0.008402645957465192,0.7642797618144035
957,0.0001187531655568352,0.9599342280569559
958,0.00040411235316112386,0.9728051217050514
959,0.005993682442004346,0.9110049080402505
960,0.003141121555153875,0.7297884991096355
961,4.0191288966631895e-05,0.986275590777133
962,0.004821348970889823,0.9134400113675317
963,0.0010685185180120058,0.8375472089687989
964,0.002875779419637922,0.8756325039357247
965,0.01448839437726011,0.8739654812095177
966,0.06158002740248646,0.6248993006897782
967,5.4154914018000904e-05,0.9814720537512219
968,0.011296319756960093,0.8432197356306472
969,1.2595106141558993e-06,0.997523281565688
970,0.052543720670009834,0.8364965566256186
971,0.0008841688160122901,0.8861359766592374
972,0.00012503919798328907,0.981254008804328
973,8.245989982772606e-05,0.9910473116124213
974,0.03233038026461951,0.8806720592457921
975,0.0007618045606864508,0.8736301198930976
976,0.009401948362050013,0.7598939901767408
977,7.66056705242516e-05,0.9747503785095036
978,0.0007208071265841209,0.9675413536814301
979,0.005813996754390577,0.9101998875923966
980,0.019585462689595375,0.6471671745372145
981,5.470360810945177e-05,0.7852757801893908
982,0.06818295547745701,0.6272581369068172
983,0.000420867589327691,0.9004926050843369
984,0.00781743595285318,0.8071622623676641
985,0.0025991874772758705,0.6951800482387994
986,2.6703614223708572e-05,0.9894952743921693
987,0.003951920176402441,0.9213883267846865
988,0.00018482250569754925,0.9880704125636045
989,0.0007920782136345952,0.9760369792747619
990,0.042596754651425484,0.8807654745738419
991,0.04431598981140085,0.6647266268724429
992,0.0005258127820855908,0.8095545444114094
993,0.003635920592485094,0.7233436721175777
994,4.575881270623592e-05,0.9870779604483313
995,0.0005957929387269024,0.9704566707271716
996,0.052452955398627654,0.7862284364978456
997,0.00040285875729321113,0.882796246635738
998,0.005042152721152233,0.813597290810142
999,0.00500287263424195,0.8497781786006366
1000,0.0006546861538334239,0.7744930552211148
1001,0.00441561249418887,0.8159928627162788
1002,0.0026238767632841297,0.7187658282841807
1003,0.04840285659367234,0.6524682773322678
1004,0.00010047815142928652,0.7454405568991438
1005,0.0009267527984329499,0.7914234412849076
1006,0.0032084439706969695,0.7592423951218896
1007,0.0007895033007762621,0.8680116338969355
1008,0.00015092114941320784,0.951087512184074
1009,3.7864678340638166e-05,0.9846835047002803
1010,3.497227103833542e-05,0.987996603016228
1011,3.873871542529816e-06,0.996662592920729
1012,7.294058200781611e-07,0.9987420778626613
1013,0.07806982121723959,0.6713165106224113
1014,3.5955098647751047e-07,0.9988985115749687
1015,0.011770195291360329,0.8873858090093335
1016,0.019560211308956004,0.7327950442119534
1017,0.0027455287039367857,0.7237263472841617
1018,0.053442026266672917,0.641063568399806
1019,0.0017013404639162275,0.5229021484536339
1020,0.03271771886625157,0.6841378049453426
1021,0.0035498260064660645,0.10845768905896516
1022,0.0007992836379111479,0.779607186975732
1023,0.0038504863252504904,0.801075923735958
1024,0.030817119771415435,0.6914056769778809
1025,0.0007118645718657494,0.7793847079153449
1026,0.0011806884889154045,0.9173988341860464
1027,0.0012272232626297259,0.9428752483310641
1028,0.016995165707060726,0.8637317238161161
1029,0.0006223620328855169,0.8224515414450339
1030,0.006139757551836353,0.7232762458086803
1031,0.058961715249926085,0.6783060646221303
1032,0.002672812676726066,0.7194274304587807
1033,0.0005628822524730582,0.9262322298821877
1034,0.015609663309341996,0.8521154492566967
1035,0.00046642662611805035,0.9247315104798371
1036,0.005261751387134796,0.8675213016827135
1037,0.001723697955130132,0.5180534508679516
1038,0.002378616844309302,0.6916317687000735
1039,0.047297244349993356,0.6537518300054606
1040,4.52499106790227e-05,0.9849702325377302
1041,0.006452998859142527,0.9128958901269925
1042,0.003333553883834914,0.7189464451944714
1043,0.0013009736377027905,0.7876476257588757
1044,0.04290172665606819,0.7105826859038559
1045,0.0001727824204099669,0.7648256404221444
1046,0.005300303312166559,0.7755699418734481
1047,5.008400495442033e-06,0.9953426382731145
1048,0.000786335802957204,0.9722785388308073
1049,0.026286221609432302,0.87879532248855
1050,4.0594231977162534e-05,0.8123010914821978
1051,0.00387210759314305,0.7702450639622758
1052,0.06478498705190072,0.6196036943543806
1053,0.0017416494989858043,0.5923827006177375
1054,0.0011124351680024697,0.8322427623457137
1055,0.008802460238117779,0.6996078182663035
1056,0.07983004147744865,0.6562347967120133
1057,0.008407185633144965,0.756723870225763
1058,0.0004981022681372863,0.8016596447245461
1059,0.003531150905722035,0.7719927003871898
1060,0.0008028941768486717,0.8238320468206759
1061,0.004303825720300759,0.8041800451049979
1062,0.008930878177821271,0.8515336931077717
1063,0.03859311506885146,0.663003723456592
1064,0.0025218121501493283,0.6628310206864256
1065,0.0008121172381937068,0.877273674443602
1066,2.4242164572798426e-06,0.9975211271381211
1067,0.005678986151901285,0.9361182025463247
1068,0.003317546055722156,0.5551498570632555
1069,0.0005728040932187486,0.7613091245073567
1070,1.1606048605752919e-05,0.9930415258757277
1071,0.029972232657372606,0.8611862793616797
1072,0.004896014887165808,0.7750365194583856
1073,0.06704425242424633,0.6104814424704658
1074,0.009293502801211098,0.7685304915477208
1075,0.00025230728426682466,0.7931401037072284
1076,0.014147171428899753,0.7653052079530374
1077,0.032452295317168554,0.6821303309934569
1078,0.00035759570103626576,0.9423408539379147
1079,0.02085619823444452,0.8570533671563607
1080,0.03647602585831196,0.6800078453672825
1081,3.967245247132073e-06,0.9956438424576219
1082,0.006184565791512369,0.9051865873950355
1083,0.002315021445568733,0.656412574975151
1084,0.00344996743185665,0.7480411527802638
1085,0.002849832987682115,0.7018845708731276
1086,0.03820630762193061,0.6677429065525402
1087,0.0003136633638460767,0.7653054777051211
1088,0.006621885782152064,0.8018446634045978
1089,0.0028361997581203453,0.10804046809931828
1090,0.0026112971551264775,0.7204529373276068
1091,2.247925512838138e-08,0.9997745385777268
1092,0.013634048068925623,0.9061829129257014
1093,0.003236355086890599,0.7548728989732258
1094,0.002656005828409239,0.5478831989421787
1095,0.0003713699095937476,0.7645062747314836
1096,0.000862005400865762,0.9260674172948673
1097,0.0005630060548283372,0.9635183165017214
1098,0.00563790177431464,0.9053686144871953
1099,0.034577768879029844,0.6844778340259893
1100,0.0006342742643548768,0.7778731884533333
1101,0.001892450984413287,0.8851483456343091
1102,0.007127246885013655,0.8094713030269043
1103,0.017439203551129375,0.724624067767863
1104,0.0025446212714159257,0.6110182419503232
1105,0.0010270474582016347,0.8812354626100658
1106,0.009947455026462054,0.8517663387298677
1107,0.0184184600766064,0.72782525375377
1108,0.004072762809822263,0.7596737789880247
1109,0.00040211819916883895,0.7556008053965482
1110,0.016511035883658976,0.765244262181746
1111,0.04577135281790056,0.6549627890965535
1112,7.321830386826362e-05,0.8091811433735357
1113,0.0035043003643734747,0.71240671737138
1114,0.061053363141895065,0.6288106067018374
1115,0.000619221541694724,0.8259282821996887
1116,0.007873487009881977,0.768777678565295
1117,0.028037514662189233,0.6969857479594012
1118,0.0009526650809580582,0.8817577994883239
1119,0.021757399511527362,0.8187561740866862
1120,0.00607296314177032,0.7714921526662495
1121,0.02537586614466783,0.7077627154229735
1122,0.0018229028726498087,0.5928254016048482
1123,0.0006942854591638056,0.7526469918871562
1124,0.010531745839621758,0.7861470856511086
1125,0.009439109102183922,0.7733385175553037
1126,0.009529270633594638,0.7679801644221793
1127,0.0003635051864382426,0.9171830918793316
1128,0.0013025405388393675,0.9436149698529335
1129,0.011915956641514314,0.8973951413734662
1130,0.04852881350499535,0.6525465414238795
1131,0.00045020808290636017,0.8145535982837478
1132,0.0038475565470825397,0.724126375442893
1133,1.0632326274134359e-06,0.9979970209707713
1134,0.0046086064298293886,0.9402335248550123
1135,1.2343800316409746e-05,0.9919112307124833
1136,0.006830374959899158,0.9104546056361135
1137,0.007824257664033923,0.7639887938351957
1138,0.013215768555825387,0.757073385227868
1139,0.0005375967306739028,0.7800233430866984
1140,4.758025078361992e-05,0.9811773578495273
1141,0.005613631547040934,0.8842777520499975
1142,0.0016694925827118246,0.9360177081505626
1143,0.00017631294134077267,0.9844337163208942
1144,3.866408143247619e-05,0.9929576227815
1145,0.036061856585660926,0.8338005115720867
1146,0.002359513033366874,0.7140267117897279
1147,0.000538209936781972,0.8622569283572444
1148,0.01095699999040145,0.7409780403997738
1149,0.0027076814784769104,0.5083188172224026
1150,0.01036691937780112,0.7643895646870614
1151,0.0007001615046054436,0.8553727435840719
1152,0.004122880420722888,0.862290248241236
1153,0.031821375568573694,0.8009090108739099
1154,0.008413195786034246,0.7685156670250496
1155,0.0009183384457949111,0.8160569789435533
1156,0.0036950960159396256,0.802453187203288
1157,0.00200924729189564,0.6440944470600761
1158,0.0072075097206919635,0.7521152303865875
1159,0.005021984352658835,0.770756312087201
1160,0.0003210307821463134,0.9420998001111619
1161,0.005594590944507541,0.8728455874234629
1162,0.0052318534393913305,0.7585717832841248
1163,0.0004804488387171726,0.7544550047170712
1164,0.05982417993781749,0.6539813862294499
1165,0.0001023533054884049,0.7635622398945565
1166,0.0007918915731703159,0.8814945694303765
1167,0.0008591459580253387,0.935730793294627
1168,0.001971338252748874,0.9262364663581979
1169,0.0005026674808436551,0.9638588150496314
1170,1.9384572206845955e-05,0.9942343216137363
1171,0.06908653448485096,0.7294033076189963
1172,0.000601356627463713,0.8123290001486619
1173,0.001381180172743836,0.911510822066054
1174,0.0753807927266884,0.7109978814268085
1175,0.0006478389012121833,0.8900076022235687
1176,0.013507276825597209,0.8523560948298132
1177,0.017447997210369888,0.7380013302377794
1178,0.003170399026794766,0.7385913926456782
1179,0.0003848614927471387,0.9333885072050176
1180,0.005666858095056319,0.8730865083509218
1181,0.0005205055419209971,0.8083104375516689
1182,0.023608235403537386,0.7816557451581081
1183,0.0007599913960009754,0.7976408629818598
1184,0.006384228709925577,0.7481858207937658
1185,0.048589659636859864,0.6482171120497372
1186,0.0020521897673913677,0.6456804654399315
1187,0.00040416134581374325,0.7653543625064698
1188,0.0010229924481560046,0.9129142516191184
1189,0.06670483601430473,0.7203276720777794
1190,0.0025962280667319033,0.6198006065918373
1191,1.4312027368306736e-05,0.9920578219773922
1192,0.020320640868689975,0.8909028349429833
1193,0.09431557207985368,0.586044907900499
1194,0.00046637812198119623,0.7578867173727595
1195,0.0035753729549215783,0.7886910369454208
1196,0.0020326555136117603,0.6483473040524521
1197,0.00040701259408437664,0.7542194502122058
1198,0.0007777860592241624,0.9002070445942797
1199,3.5178816504090876e-05,0.990673130345662
1200,0.01259556136535937,0.9023989027717083
1201,0.017446543651326023,0.742984381729144
1202,0.03307940399680112,0.6791495984573648
1203,0.0020182785606554176,0.6451907403765031
1204,0.000503169814445459,0.9130188599280004
1205,0.06160451314553289,0.7396242810001761
1206,0.0001169309511374404,0.9667487896589876
1207,0.01503816699068403,0.7896372409868835
1208,0.021340697452678033,0.86179501377638
1209,3.5784712223872344e-06,0.9961721668646943
1210,0.0007303352519420312,0.9760912694187489
1211,0.0018461675798827344,0.967371864339946
1212,0.0005642983376892654,0.9825339015126493
1213,0.027083996564757462,0.9177610703811194
1214,0.0001623295042433628,0.764741366529556
1215,0.051623504701769074,0.6477719239219376
1216,7.768243814842762e-05,0.7805126506747955
1217,0.0507464385107926,0.6484973180884004
1218,0.0001105288515991724,0.7583644276203003
1219,0.0006267874397476224,0.7645142148327583
1220,0.004342632530662778,0.7524354649699477
1221,0.08852522698823274,0.592252415398792
1222,0.0030361587906258414,0.03712027503085908
1223,0.002817875210100135,0.03688284021136667
1224,1.0232479153327014e-05,0.9923906457940584
1225,0.02331248539151081,0.8870325047278194
1226,8.784326481736287e-05,0.9745459617738661
1227,0.018678305075168163,0.7754446127411618
1228,0.025519608061260142,0.7101476897829411
1229,0.0009852835487358545,0.7766797974420319
1230,0.05005405801627223,0.6849275767346774
1231,0.005406868402725251,0.7762238563523083
1232,0.0008860706027167425,0.901917712006439
1233,0.017065927893702076,0.680146599743117
1234,0.009216596021667594,0.7766010819713424
1235,0.00043024362031330557,0.7894262774337745
1236,0.004052032243303088,0.820256428186512
1237,0.006276164418876453,0.7935579326274379
1238,6.726268043199624e-05,0.774486044070959
1239,0.0011442438525408626,0.8160101825487375
1240,3.6542145147976285e-06,0.9969795572500464
1241,0.0002526847250001757,0.9835569483691713
1242,9.02969311637298e-05,0.9900348290464438
1243,0.052850165298027274,0.8418796173690417
1244,0.07166166483686041,0.6087623572644296
1245,0.0005525008653208086,0.8827829696825357
1246,0.014439515770111988,0.6586019209945113
1247,0.15243940238085046,0.5391631047953876
1248,0.002391822511054852,0.6922052911981211
1249,0.002704914751376495,0.5539501482874529
1250,0.0008182342244745735,0.8438788001804738
1251,0.0005886925511273539,0.9535182504219692
1252,0.004928129770970236,0.9013427632607529
1253,0.00031494271625250286,0.7685631169907164
1254,0.0029006616827510893,0.6956065052721845
1255,0.003011478507054515,0.7274430059555541
1256,0.005559639976197223,0.7748344455525167
1257,0.0,0.7672064768578303
1258,0.005740184627368526,0.7462326569775177
1259,0.0005176742765950955,0.8109939769158235
1260,0.005689483732158552,0.8102776592364249
1261,0.003166122710859928,0.7223174142246207
1262,0.019973741693841373,0.7079094575039496
1263,0.003576407431699684,0.7364193467063036
1264,4.133247829563769e-05,0.9808605364152202
1265,0.006728375832020726,0.9079994911197673
1266,0.0008891142627417145,0.8662129385511054
1267,0.00643067006168164,0.8140029257757483
1268,0.00035108127610636287,0.9720144845233505
1269,0.00490088200259186,0.9104701264709786
1270,0.016540878254181383,0.740428562429031
1271,0.016117673958582227,0.7459499192009145
1272,0.00024475683885253073,0.7804978555441296
1273,0.04860360634545633,0.6774739765631619
1274,0.007615769891464198,0.7593991072415819
1275,0.018278400503913272,0.7356536189222181
1276,0.021558270296077462,0.7181666063996409
1277,2.058868343840476e-05,0.988703208568881
1278,0.06118614885865716,0.7780749995773585
1279,0.0139395691555192,0.6974877173295533
1280,0.003992877580396112,0.5875300189869868
1281,0.036157701667297336,0.6739402189510207
1282,0.00026768382951832003,0.8034493309963795
1283,1.6456256320861356e-05,0.9924716592862654
1284,0.02609312256912624,0.8631041089007552
1285,0.05417610657775596,0.6405884947532221
1286,0.0003422841085084686,0.9506724246355579
1287,7.431482044963579e-07,0.9991685839547951
1288,0.0008987411563145941,0.9778516122562557
1289,5.955169741705898e-05,0.9817753828151103
1290,0.003896088472768279,0.24806053200774114
1291,8.642892874912635e-05,0.7617112101231508
1292,0.003203593816723321,0.7717730067366778
1293,0.00042368033413681583,0.787004145435945
1294,0.011564343001686333,0.8017729018973323
1295,0.016862387497620732,0.7310216370930456
1296,0.0,0.6929102284056831
1297,0.00011997167646875308,0.8545561255273568
1298,1.0879909165676473e-05,0.992166029773593
1299,0.004792409640813342,0.8954032858854066
1300,0.03393818107213467,0.6853129687870215
1301,0.0032671776425831772,0.6312967901794595
1302,0.012078180127998269,0.749829752183004
1303,0.022649368548498954,0.7098881682258203
1304,0.0027981562909138724,0.673903289758349
1305,9.78001098984689e-05,0.796649930169416
1306,0.003426171436098294,0.7266607902128921
1307,3.933659598352139e-05,0.9837514392551847
1308,0.004918168680151218,0.9066591516418337
1309,0.0,0.7636176155345088
1310,0.00031623241595352873,0.8102048962496291
1311,3.80960679876019e-07,0.9987652686692233
1312,0.005891039881852537,0.9101684025090797
1313,0.0004778007237421507,0.9379634602814472
1314,0.014281706492175982,0.7585100784853434
1315,0.0005709974672882026,0.8003224783778864
1316,5.982542812113789e-05,0.9837246718187221
1317,0.05990016785665678,0.7659841976839861
1318,0.0001755333721672341,0.9566978227014594
1319,0.008115953465289446,0.8231576570563386
1320,0.0029536028118650305,0.9122676637036744
1321,0.04605003167171382,0.7872681706436124
1322,0.002021938897856442,0.6448042533534817
1323,0.0005339147055829362,0.7556429397643428
1324,0.003597287423811124,0.7894138237639632
1325,0.0005271541638345891,0.7639787627130784
1326,0.09172034304844064,0.6020349279200674
1327,0.0007023940132811288,0.8010682754433326
1328,0.0057920144836185175,0.7967199871789581
1329,0.0012317074275249632,0.9368238188748985
1330,0.007582219300990289,0.8884638269979214
1331,0.0005444345479204419,0.7967910268224184
1332,0.004742210384921861,0.7351152654726002
1333,3.503737367564763e-06,0.9966912334587602
1334,0.01502372297689143,0.8713184272020227
1335,0.0002882135812633415,0.772379036347736
1336,0.0037517683060722816,0.7914063070430968
1337,0.028361692699843115,0.6916553437824107
1338,0.003577382545107186,0.7444509193361806
1339,0.0005630590352655157,0.8236128439411212
1340,0.004536314969003042,0.7727778535419784
1341,0.005163777799399192,0.49828218203552144
1342,0.00010114072528375887,0.97704556957465
1343,0.00784028349268012,0.8710966712233487
1344,0.00010347452389909684,0.7797858036926013
1345,0.00411089312413134,0.7610901198324744
1346,0.002257212846716045,0.6576860277856202
1347,0.001062332296207676,0.838018325155033
1348,0.006791502309167655,0.7985130768882982
1349,0.005089565783179645,0.8456446475251423
1350,0.048014775327721734,0.6429253926342933
1351,0.00027480782855356805,0.7990616508932571
1352,0.00499755319571017,0.7950292792043774
1353,0.00029343429805536844,0.7760433208940157
1354,0.012455745954400365,0.7751816167052082
1355,0.04649833475499086,0.6602770206186875
1356,0.007110123003756276,0.7764695588040722
1357,0.0010911187311699916,0.7915978931786413
1358,0.0067764898875699075,0.6720867575569819
1359,8.923523928382788e-07,0.9980565465491648
1360,0.0014475647235041628,0.9616126425489288
1361,0.001472979269395957,0.9733196853284783
1362,0.01744595688765437,0.9539630106552415
1363,0.008432643024563525,0.772559031869541
1364,0.0010919106526073087,0.8286600788784431
1365,0.009793229715003461,0.6785802383011628
1366,0.0,0.6929102284056831
1367,0.004501548954568697,0.6911241399944782
1368,0.001701698555878429,0.5927731204141475
1369,0.004501881682141294,0.7617525812777792
1370,0.00015628486568291305,0.9704841147656207
1371,0.021620717172972564,0.7490812200179617
1372,0.10300689551706861,0.5792341347765696
1373,0.0009618908652838746,0.8811799327208193
1374,0.014800898812076944,0.7258610954933284
1375,0.005404024833017351,0.8605499134625056
1376,0.0006792869794514078,0.7602427565293279
1377,0.00022099125937185974,0.9527641688593506
1378,0.007683170280057534,0.8360720666211415
1379,0.006341612419488585,0.8760360307391677
1380,0.0020892841113799333,0.6464234634721109
1381,0.01910798446564703,0.7311164684881992
1382,0.013155945703414846,0.762513469632129
1383,0.0028446214565084164,0.6326385891059723
1384,0.0027307601681746036,0.6800636567967291
1385,5.492556331826402e-05,0.9767823680443041
1386,0.014773561164355771,0.8047578636899727
1387,0.006114005965175651,0.8857675157979724
1388,0.006743306781389151,0.890806662602514
1389,0.008298922428010159,0.7664147394745867
1390,0.0004042202981442637,0.9047897511529915
1391,0.0018391265984221796,0.9257804039777796
1392,0.007104516650818583,0.8691656934612907
1393,6.866094032417064e-05,0.9825083247013593
1394,0.005045211671496149,0.9140525664595215
1395,0.0008203862925812378,0.7767530219694717
1396,0.011702854097763496,0.7972077884551045
1397,0.0028863146164969026,0.7103554952857414
1398,0.07611404852422439,0.6111698938140502
1399,0.00041252689566451995,0.916344455698358
1400,0.017684423099738073,0.8262755240949201
1401,0.0010636112615211796,0.8603697052071708
1402,0.005031222500096942,0.8315822904013265
1403,0.002978291490916185,0.6113901217827675
1404,0.002823519451857792,0.5656138248040855
1405,0.00033439870168270913,0.7912613661508348
1406,0.025597037184568853,0.7162873265743398
1407,0.0007751334452479817,0.8413222590259043
1408,0.003056321362209768,0.8585077398447922
1409,0.005463728563073821,0.832253784229662
1410,0.10551963126419452,0.7121160380863766
1411,0.003056964947242474,0.07073682342725696
1412,0.0005083414316235745,0.819856754231936
1413,1.7851318925251465e-05,0.9923519762597249
1414,0.021338433784526333,0.8830640201914699
1415,0.09228016393902425,0.5900233874372942
1416,0.003054456274575081,0.7392592835664338
1417,0.011788331818716129,0.7627439467191233
1418,0.00031423420444195196,0.9280583713499748
1419,0.0020171735176325914,0.9130026129113268
1420,0.003606254225569628,0.9095353419483763
1421,0.052525052604503346,0.7830111859459913
1422,0.07470573999380598,0.6080723479155895
1423,0.0011241150048643272,0.8787072421057783
1424,0.004924759215607869,0.8449643246896569
1425,0.0038948199172742343,0.7366305343117773
1426,0.0271369270216502,0.6978193454190995
1427,0.0035588177123313915,0.7665919518307635
1428,0.0028160397420274653,0.7255321823246264
1429,0.0003738140609324485,0.9376801579348806
1430,0.042858706718505314,0.7731337370677428
1431,0.0001486387804363596,0.7609271915138001
1432,0.0006599471627960479,0.7736312085560146
1433,0.0006443190227849525,0.8416658578782414
1434,0.00038375980064368423,0.9166292202693511
1435,0.04902740486260161,0.6560114162425169
1436,0.000978736847997091,0.7774387855118653
1437,4.741150168279284e-05,0.9871820043798043
1438,0.005024430762142357,0.9126380719095285
1439,0.0,0.7262568366315524
1440,8.019823651398938e-06,0.9938191345988885
1441,0.00905213884205776,0.904789501184146
1442,6.077706765533003e-07,0.9984507061321141
1443,0.010501609974073315,0.8952796442399997
1444,0.0037203748386320334,0.9469040670249637
1445,0.0055155971708368175,0.9360614420389733
1446,0.0003916240032792845,0.7985228960366381
1447,0.0036518366865968964,0.825760680340908
1448,0.013958016418261361,0.83350208183474
1449,0.0003758030388669759,0.76929343547299
1450,0.0009509157653653708,0.914084791572019
1451,0.00497398750890572,0.8522009143846914
1452,0.00011126273384246683,0.8170390466581924
1453,0.04427414931547965,0.646020169943562
1454,5.016691698813238e-05,0.7934507616789466
1455,0.0023244320588035293,0.7063329250464039
1456,0.003053423024640843,0.1263881530911302
1457,0.011872114576411096,0.7568265644910598
1458,0.0036196383700085187,0.6404012057940446
1459,2.442703391267098e-06,0.9970538564547268
1460,0.014885061048078326,0.9085725261371113
1461,0.040727824639111516,0.6633566346997164
1462,0.0777972974030133,0.5992179525876061
1463,0.0009416558529018393,0.793070097087165
1464,0.007179108989370192,0.7072500844373313
1465,0.00016270502108574938,0.9726006899067854
1466,0.00029695215073174524,0.9793715512011533
1467,0.07977983494768492,0.7534060420899642
1468,0.0027355364291726816,0.6691082839865679
1469,0.0,0.7464581343771415
1470,8.086682181673488e-10,0.9999463229436946
1471,0.013857498333169403,0.9253496523005313
1472,0.007035240190897784,0.7651712535756158
1473,0.009619320275248413,0.7720080955140667
1474,0.002631037915207872,0.5631847525877949
1475,0.0012188482129097782,0.8628776286292
1476,0.008508935781957331,0.7567774512846237
1477,0.07242071724326132,0.7078629722909539
1478,0.004750693015272668,0.7731124767969336
1479,0.0,0.7744980418403189
1480,0.00032800918278497507,0.9390563663861174
1481,0.0989139667953948,0.64667152636703
1482,0.05750072171127607,0.6240264737491221
1483,0.01983802492236704,0.7287622850093287
1484,0.0006970989571469748,0.8262064834736201
1485,0.003995059377668489,0.8176426553091463
1486,0.004323371769062094,0.5145020175027302
1487,0.07825545722458807,0.607053969624022
1488,0.01149058791085717,0.7526589130547942
1489,0.0023671496388099045,0.6097783940304224
1490,0.00014749890844811895,0.9615287727287305
1491,0.012530174311911692,0.8206906520738034
1492,0.006098978942476332,0.8665530950330119
1493,0.0004007103678965128,0.9426128457983207
1494,0.011912894749618303,0.775233120094529
1495,0.01981908347563893,0.7274435092084169
1496,6.538413683619385e-10,0.9999441945015739
1497,0.004936587821624893,0.9625879665927582
1498,0.0022528395666209853,0.6875389700928937
1499,0.0005410279923697297,0.8090419707171022
1500,0.0006266980052110594,0.9413754500655639
1501,0.002170723818098431,0.9270037124785248
1502,0.016236165369092784,0.8735693630860424
1503,0.0027458485309637885,0.732670504721439
1504,6.778119335879795e-05,0.7638168418947329
1505,0.0029578044711276973,0.7633566601540356
1506,0.0002657173771207584,0.9352747689676629
1507,0.00873763911310822,0.8103474844913935
1508,0.002357945214635152,0.6925365115218314
1509,0.003296335572326059,0.23166473281347896
1510,0.02755464701249003,0.6976961878316265
1511,0.024944031957984135,0.7134543148957859
1512,0.001177448968441182,0.8152418218555519
1513,0.003790737328803536,0.8212974699862522
1514,0.007764393372047663,0.7940618310152562
1515,0.0054564822658211476,0.8527637673758864
1516,0.0009824664144824527,0.7791760252869134
1517,0.000557531260874967,0.9251712789060431
1518,0.0012059857679074676,0.9420138740347347
1519,0.0009851209980133138,0.9585187195282956
1520,0.00024407983789503907,0.9808493104069337
1521,9.387718839429221e-05,0.9889473001797884
1522,0.08766858750927999,0.7389143071838624
1523,0.00027976175232447014,0.7665043321131517
1524,0.003026766514151497,0.6827633000367814
1525,0.00013675414130678515,0.7506347376605668
1526,0.0009129332273534047,0.7810296358083497
1527,0.0005830635577267078,0.9328029079195224
1528,0.00040744699383480764,0.9600856973469942
1529,0.023276571613867883,0.8316830773199924
1530,0.000602426327410663,0.7457746632682725
1531,0.0011969685741089033,0.8573776082251335
1532,0.004733982421165136,0.816828978780939
1533,0.07908888200178114,0.677624276790099
1534,0.0009874576814278585,0.847300940583751
1535,0.007300095423665725,0.7648599849557778
1536,0.0006132367230840528,0.7913500335745658
1537,0.003966543008685069,0.8061683264031466
1538,0.0014605402210743227,0.5363767173880423
1539,0.0010998703904271955,0.8790077687785266
1540,0.0049146726733640045,0.8473503247644645
1541,0.0027194418025920826,0.6771256106592248
1542,0.0005468737750853196,0.8347758368364898
1543,0.00824804394555403,0.7131376599180931
1544,0.0026544779872334544,0.6760279866888047
1545,0.0,0.7401175726953503
1546,0.004793073807000368,0.5580108096527374
1547,0.0,0.7329897505786676
1548,0.00046533705284080993,0.8638947012244315
1549,0.002644705298278507,0.7940402445323563
1550,0.00047116492251966454,0.9239987271535715
1551,0.00044069214698470556,0.9503415014082623
1552,7.89232978512227e-06,0.9949100003740665
1553,2.3855274729898652e-05,0.9941727273921657
1554,2.2188233132669094e-06,0.998384087745475
1555,2.3522399447123417e-06,0.998293506447596
1556,2.7673618272257934e-07,0.9994781040059926
1557,7.688143524353329e-08,0.9997032976479493
1558,0.10555236420136059,0.6977791402739904
1559,0.10670000744997268,0.5804995712953349
1560,0.0025197697625925575,0.6648878746917062
1561,0.0022832472524246914,0.599625886234115
1562,0.000704035716878268,0.8067707813544268
1563,0.024073068301081482,0.7628321699483724
1564,0.00018680237543223493,0.7948907620455108
1565,0.00020992771326048642,0.7938724856148616
1566,0.018639942409286868,0.7266228069774016
1567,7.428113398051841e-05,0.7771702520808889
1568,0.012404444986490466,0.7640202271557389
1569,0.009993356146962555,0.7564795213404492
1570,0.002906933295954954,0.7387823158567095
1571,0.0,0.7126585801628902
1572,0.0003330990679534523,0.90380769957995
1573,0.005058138270977646,0.7741274917440113
1574,0.0009450914541930957,0.8388042684702558
1575,0.00765768695514932,0.8075930154846968
1576,0.005168852611632205,0.8609134232502481
1577,0.00011053691487616392,0.7465073754860979
1578,0.0006133279522260363,0.8804833374260604
1579,0.005665380821892968,0.813972006877063
1580,0.0005528407692224968,0.910067621662062
1581,0.01223528024402496,0.7693770079500036
1582,0.05227757533213594,0.6449368465156498
1583,0.0005976571553947599,0.8054461011778216
1584,0.03073947593862607,0.7518864858486409
1585,0.0038806200206334407,0.7552125774660655
1586,0.0005663983675023165,0.8103455690826646
1587,0.008293821736467345,0.7038398269953832
1588,0.0019106229779231483,0.8859120529810005
1589,0.006039611785137058,0.8547823619097188
1590,0.0003693851237636746,0.8370847694816455
1591,0.004020355355901437,0.8172151817941407
1592,0.0004985770579437845,0.9147125257460297
1593,0.008825048857417224,0.850211049383004
1594,0.0006397447761413597,0.7673878158169676
1595,0.0021456066122189916,0.6763084914238375
1596,0.036183925730499285,0.6794249454277265
1597,0.0007388718331092253,0.8876886617332069
1598,0.0022177394836434433,0.8961706315671704
1599,0.00039073748544515884,0.9691654543155668
1600,6.43590545424365e-07,0.9992820825033295
1601,6.687537411897008e-05,0.9942385651543125
1602,0.01421102950931536,0.9643304663538582
1603,0.10188123194612056,0.5799151037151093
1604,0.0,0.7856235485792704
1605,0.0003021359304227025,0.8308580544483889
1606,0.006332465747707733,0.785093780856892
1607,0.002352091262883846,0.6614402118580329
1608,0.002827535568412605,0.6786432756247067
1609,0.0,0.7217372181417444
1610,4.112358600937795e-06,0.9947619861132927
1611,0.06825482395742309,0.768821599226044
1612,0.023579791590321527,0.715277316750543
1613,0.039011021910375115,0.673324685671073
1614,0.0,0.7371123104815993
1615,0.05388654992343702,0.6204742007106333
1616,0.007887815784447664,0.7523944002376457
1617,0.08885142393473573,0.5891083731205148
1618,0.0015884064943767749,0.5244813220079163
1619,0.047458497831496506,0.654182077116119
1620,0.0032974478385940516,0.7353586582172271
1621,0.0021553695396597083,0.6858912220755424
1622,0.06728719006082438,0.6212719909210441
